Given_ID_Clean,Presumed_ID_Clean,uncertain
zylphia,,?
zeal apple,,?
york sweeting,,?
york sweet,,?
york russett,pumpkin russet,
york russeting,pumpkin russet,
york russet,pumpkin russet,
york russet,pumpkin russet,
york pippin,,?
york imperial,york imperial,
york imp.,york imperial,
york greening,,?
yellow transport,yellow transparent,
yellow transparent crab,transcendent crab,
yellow transparent,yellow transparent,
yellow transparent,yellow transparent,
yellow transcendent crab,transcendent crab,
yellow sweet bough,sweet bough,
yellow sweet,sweet bough,
yellow strawberry,chenango strawberry,
yellow siberian crab,yellow siberian crab,
yellow siberian,yellow siberian crab,
yellow russet,,?
yellow porter,,?
yellow pearmaine,SEE clarke or golden pearmain ,
yellow nonesuch,,?
yellow flat,winthrop greening ,
yellow favorite,,?
yellow delicious,yellow delicious,
yellow bough,sweet bough,
yellow bellflower,yellow bellflower,
yellow bellflower,yellow bellflower,
yellow bellfleur,yellow bellflower,
yellow belleflower,yellow bellflower,
yellow belleflower,yellow bellflower,
yellow bellefleur,yellow bellflower,
yellow bell flower,yellow bellflower,
yellow bell flower,yellow bellflower,
yellow,,?
yarmouth cathead,,?
worthley,wealthy,
world's wonder,world wonder,
worden seckel,worden seckel,
worcester russet,worcester sweet russet,
worcester apple,,?
woodpecker,baldwin,
woodcock,,?
woodbury,,?
wood sweet,wood sweet,
wonder sickel,worden seckel,
wolfe river,wolf river,
wolfe river,wolf river,
wolfbridge,walbridge,
wolf river,wolf river,
wolf river,wolf river,
wolf,wolf river,
wismer's dessert,wismer,
winthrop seedling,winthrop greening ,
winthrop greening,winthrop greening ,
winthrop greening,winthrop greening ,
winthrop favorite,winthrop greening ,
winterport greening,fall harvey,
winter wagner,,?
winter sweeting,danvers winter sweet,?
winter sweet russett,,?
winter sweet russet,,?
winter sweet,danvers winter sweet,?
winter sweet,danvers winter sweet,?
winter strawberry,,?
winter seneca,,?
winter russett,,?
winter russet,,?
winter red sweet,,?
winter queen,,?
winter porter,,?
winter pippin,winter pippin,?
winter pearmain,winter pearmain ,?
winter niles,winter nelis,
winter nellis,winter nelis,
winter nellie,winter nelis,
winter nelis,winter nelis,
winter mills,winter nelis,
winter mcintosh,,?
winter jeunette,ralls jenneting ,?
winter jennetting,ralls jenneting,?
winter jennette,ralls jenneting,?
winter harvey,winter harvey,?
winter greening,winter greening,?
winter gravenstein,milding,
winter genitan,ralls jenneting,?
winter favorite,,?
winter crop,,?
winter crab,,?
winter calvert,calville blanc d'hiver,?
winter bough,winter bough,?
winter bells,,?
winter bellflower,,?
winter bell-flower,,?
winter bell,,?
winter bartlett,,?
winter banana,winter banana,
winter banana,winter banana,
winter baldwin,,?
winter astrachan,,?
winter,,?
winslow proof,,?
winsap,winesap,
winn russet,winn russet,
winn,winn russet,
winesop,,?
winesaps,winesap,
winesap,winesap,
winesap,winesap,
wine sops,sops of wine,
wine sap,winesap,
wine of corea,,?
wine apple,wine,
wine apple,wine,
wine,wine,
wine,wine,
winchester greening,winthrop greening ,
win's favorite,william's favorite,
wilson red june,wilson red june,
willow twig,willow twig,
willow belflower,yellow bellflower,
willow,willow,?
williams' favorite,william's favorite,
williams favorite,william's favorite,
williams favorite,william's favorite,
williams favorite,william's favorite,
williams,william's favorite,
williams,william's favorite,
william's favorite,william's favorite,
william's favorite,william's favorite,
william's early,william's favorite,
william farmer,william's favorite,
william,william's favorite,
wilkin's beauty,,?
wilding,milden,
whittier sweet,,?
whitelip,,?
whitefield,,?
white winter sweet,,?
white winter pear main,white pearmain,?
white winter,,?
white sweet,white sweet,?
white russet,,?
white rambo,white rambo,?
white pippin,,?
white pearmain,white winter pearmain,?
white loaf,white loaf,?
white juneating,white juneating,?
white graft,fall orange,
white giant,,?
white elephant,,?
white doyenne,,?
white crab,,?
white beauty,,?
white baldwin,,?
white astrachan,white astrachan,?
white ash,,?
white apple,,?
white,,?
whig,,?
wheatloaf,,?
wheatley,wealthy,
wheat loaves,,?
westfish seek no further,westfield seek no farther,
western apple,,?
wels apple,,?
well apple,,?
welch sweeting,,?
wealthy,wealthy,
wealthy,wealthy,
wealthty,wealthy,
wax,,?
watertown sweets,,?
watertown sweet,,?
watermelon,water-melon,?
water core sweet,,?
water core apple,,?
water core,,?
washington sweet,pumpkin russet,?
washington strawberry,washington strawberry,
washington red,,?
washington pippin,,?
washington greening,washington royal,?
washington co. strawberry,washington strawberry,
washington baldwin,red canada,?
washington apple,washington strawberry,?
washington,washington strawberry,?
warren winter,,?
warren russet,roxbury russet,
warren greening,,?
wannofsky,tetofski,
walpole ledgings,,?
wallflower,,?
wallbridge,walbridge,
wallbridge,walbridge,
walker's beauty,walker beauty,?
walker sweet,SEE evans,?
walker beauty,walker beauty,?
waldridge,walbridge,?
walbridge,walbridge,?
walbridge,walbridge,
wagner greening,,?
wagner,wagener,
wagner,wagener,
wagner,wagener,
wagener,wagener,
wagener,wagener,
wagence,wagener,
w. greening,,?
vura,vicar of winkfield,
vose sweet,,?
volkie,,?
victuals and drink,,?
victoria,,?
victor,,?
vicar of winkfield,vicar of winkfield,
vicar of winckfield,vicar of winkfield,
vicar of wakefield,vicar of winkfield,
vicar of wakefield,vicar of winkfield,
vicar,vicar of winkfield,
vicar,vicar of winkfield,
vica of wakefield,vicar of winkfield,
vica,vicar of winkfield,
veromi,benoni,
vermont sweeting,,?
vermont sweet,,?
vermont greening,,?
vermont beauty,,?
vermont baldwin,,?
vermont,,?
vaughn,,?
vandivere,smokehouse,
vandevere,smokehouse,
van wick sweet crab,van wyck crab,
van dyke crab,van wyck crab,
vail baker,,?
urbaniste,urbaniste,
urbanist,urbaniste,
unnamed,,?
union russet,union russet,
union russet,union russet,
union russet,union russet,
union pippin,union pippin,
union pippin,union pippin,
union greening,,?
union,,?
uncle thomas,,?
tyson,tyson,
tyron,tyson,
tyler,,?
two ounce,twenty ounce,
twin apple,,?
twigged greening,,?
twig russett,golden russet of western new york,
twenty‚Äîounce,twenty ounce,
twenty-ounce stripe,,?
twenty-ounce,twenty ounce,
twenty-ounce,twenty ounce,
twenty oz.,twenty ounce,
twenty ounce sweet,,?
twenty ounce pippins,twenty ounce pippin,
twenty ounce pippin,twenty ounce pippin,
twenty ounce pippin,twenty ounce pippin,
twenty ounce pippin,twenty ounce pippin,
twenty ounce n. y. pippin,twenty ounce pippin,?
twenty ounce greening,,?
twenty ounce,twenty ounce,
twenty ounce,twenty ounce,
twenty ounce,twenty ounce,
twentieth century,,?
twelve oz.,,?
tuscarora,,?
true's beauty,,?
troop favorite,,?
trenhausen,,?
transparent crab,transcendent crab,
transparent,yellow transparent,
translucent crab,transcendent crab,
transendent,transcendent crab,
transcendent crab,transcendent crab,
transcendent crab,transcendent crab,
transcendent,transcendent crab,
transcendant crab,transcendent crab,
townsend,,?
touch me not,,?
total,,?
tompkins kings,king of tompkins county,
tompkins king,king of tompkins county,
tompkins king,king of tompkins county,
tompkins,king of tompkins county,
tompkin,king of tompkins county,
tomkin,king of tompkins county,
tomato crab,,?
tomato,,?
tolman's sweet,tolman sweet,
tolman sweeting,tolman sweet,
tolman sweet,tolman sweet,
tolman sweet,tolman sweet,
tolman,tolman sweet,
tollman sweet,tolman sweet,
tippecanoe,,?
tillman sweet,tolman sweet,
three sweet,,?
thomson sweet,,?
thompson sweet,,?
thompson,,?
thompkins,king of tompkins county,
thompkin king,king of tompkins county,
thomas sweet,,?
theobold sweet,,?
theabald,,?
the stripes,,?
thatcher,,?
tetopsky,tetofski,
tetopskey,tetofski,
tetophsky,tetofski,
tetofsky,tetofski,
tetofsky,tetofski,
tetanakee,tetofski,
terston russet,,?
telephone,,?
taylor,,?
talmon sweet,tolman sweet,
talman's sweet,tolman sweet,
talman sweeting,tolman sweet,
talman sweet,tolman sweet,
talman sweet,tolman sweet,
tallman sweet,tolman sweet,
tallman sweet,tolman sweet,
tallam sweets,tolman sweet,
syracuse beauty,,?
sycle,,?
swoon,,?
sweeting,,?
sweetburg,,?
sweet wagner,,?
sweet van wyck crab,,?
sweet sixteen,,?
sweet russett,,?
sweet russet winter,massachusetts sweet russet,?
sweet russet (winter),massachusetts sweet russet,?
sweet russet (fall),pumpkin russet,
sweet russet,,?
sweet porter,,?
sweet pippin,,?
sweet greening,sweet greening,
sweet greening,sweet greening,
sweet golden russet,,?
sweet glory nunde,gloria mundi of maine,
sweet gloria mundi,gloria mundi of maine,
sweet fall,,?
sweet cress,,?
sweet crab,,?
sweet chestnut,,?
sweet chester,,?
sweet brier,,?
sweet bower,sweet bough,
sweet bough,sweet bough,
sweet bough,sweet bough,
sweet bough,sweet bough,
sweet bangle,,?
sweet baldwin,sweet baldwin,
sweet baldwin,sweet baldwin,
sweet,,?
sware,swaar,
swar,swaar,
swansee beauty,,?
swan's orange,onondaga,
swan apple,,?
swaar,swaar,
swaar,swaar,
sutton's beauty,sutton beauty,
sutton's beauty,sutton beauty,
sutton's beauty,sutton beauty,
sutton beauty,sutton beauty,
sutton,sutton beauty,
susan,,?
superb winter sweet,superb sweet,
superb sweet,superb sweet,
super spitzenburg,,?
sunset,,?
sunrise,,?
sunflower,,?
summer sweeting,,?
summer sweet russet,,?
summer sweet paradise,summer sweet paradise,?
summer sweet,,?
summer sweet,,?
summer surprise,,?
summer strawberry,early strawberry,
summer russet,,?
summer rambo,,?
summer queen,summer queen,
summer porter,,?
summer pear,,?
summer greening,,?
summer graft,,?
summer apple,,?
sultan beauty,,?
sugar sweet,sugar sweet,
sugar,sugar sweet,
sudbury sweet,sudbury,?
sub acid,,?
stump (of greene),stump of greene,
stump,stump,
stump,stump,
stulp,stump,
stubbs seedling,stubb's seedling,
stubb seedling,stubb's seedling,
striped winter,,?
striped sweet,,?
striped strawberry,,?
striped slack,,?
striped russet,,?
striped pippin,,?
striped pearmain,,?
striped martyrs,lyscom,
striped jenetin,,?
striped harvey,,?
striped graft,,?
striped fameuse,,?
striped everlasting,,?
striped bellflower,red bellflower,
striped bell's early,,?
striped,,?
stray beauty,,?
strawberry sweet,cummings sweet,
strawberry sweet,cummings sweet,
strawberry red,,?
strawberry porter,,?
strawberry baldwin,,?
strawberry apple,,?
strawberry,,?
stoughton russet,,?
storm sweet,,?
storks,stark,
stork,stark,
stone sweeting,stone sweet,?
stone sweet,stone sweet,?
stone,,?
stock,,?
stiles,,?
steymens winesap,staymens winesap,
stevens' genessee,,?
steven jennesel,,?
sterling sweet,,?
steele's winter red,red canada,
steele red,red canada,
steel red,red canada,
steel red,red canada,
staymer winesop,staymens winesap,
staymen's winesap,staymens winesap,
staymans winesap,staymens winesap,
stayman's wine sap,staymens winesap,
stayman winesap,staymens winesap,
state of maine,,?
stars,stark,
starks delicious,starks delicious,
starking,starking delicious ,
starkey,starkey,
starkee,starkey,
starke,starkey,?
stark delicious,starking delicious,
stark,stark,
stark,stark,
star porter,,?
star,stark,
standard,stanard,
stanchfield's best,stanchfield's best,
st. michells,st. michael,
st. michael,st. michael,
st. lawrence,st. lawrence,
st. lawrence,st. lawrence,
st. lawarence,st. lawrence,
st. johnsbury sweet,st. johnsbury,
st. ghislain,st. ghislain,
st. gesilaine,st. ghislain,
spy,northern spy,
spy,northern spy,
spur sweet,spurr sweet,
spring sweet,,?
spring russett,,?
sponge sweet,,?
sponge russett,sponge russet,
sponge russet,sponge russet,
sponge russet,sponge russet,
sponce russet,sponge russet,
spitzenbury,esopus spitzenburg,
spitzenburg,esopus spitzenburg,
spitzenburg,esopus spitzenburg,
spitzenburg,esopus spitzenburg,
spitzenberg pearmain,,?
spitzenberg,esopus spitzenburg,
spitzenberg,esopus spitzenburg,
spitzenberg,esopus spitzenburg,
spitzbergen,esopus spitzenburg,
spitzbergen,esopus spitzenburg,
spitzberg,esopus spitzenburg,
spitz bergen,esopus spitzenburg,
spicy red,,?
spicy quince,quince of coxe,?
spice sweeting,spice sweet,
spice sweet,spice sweet,
spice russet,spice russet,
spice apple,spice sweet,
spice,spice sweet,
spice,spice sweet,
spec pheasant,peck's pleasant,
spaulding,,?
souvenir du congress,souvenir du congress,
souvenir decongress,souvenir du congress,
souvenir de congress,souvenir du congress,
southern darkey,arkansas black,
sour russett,,?
sour crab,,?
sour bough,champlain,
sorrett,russett,
sopsavine,sops of wine,
sops-of-wine,sops of wine,
sops of wine,sops of wine,
sops of wine,sops of wine,
something,,?
somerset beauty,,?
somerset,somerset,
somerset,somerset,
somersert,somerset,
soldat laboreur,solldat laboureur,
solcen bell,golden ball,
soamid,,?
snowflake,,?
snowfield,,?
snowball,fameuse ,
snow flake,,?
snow ball,fameuse ,
snow apple,fameuse,
snow apple,fameuse,
snow,fameuse,
snow,fameuse,
smyth's cider,smith's cider,
smoke house,smokehouse,
smith's sweet,smith's sweet,
smith's favorite,smith's favorite,
smith's fameuse seedling,smith's fameuse seedling,
smith's cider,smith's cider,
smith sweet,smith's sweet,
smith cider,smith's cider,
slinton,,?
sledge sweeting,ledge sweet,
slactory victory,,?
simpson,,?
silver crest,,?
sickle,seckel,
sickle,seckel,
sickel,seckel,
sibicum,,?
siberian russet,,?
siberian crab,,?
siberian august,july,
shropshirevine,sops of wine,
shiewassia beauty,shiawasse beauty,
shiawassee beauty,shiawasse beauty,
sherwood's favorite,chenango strawberry,
sherwood's favorite,chenango strawberry,
sherwood favorite,chenango strawberry,
shendon,sheldon,
sheldon,sheldon,
sheldon,sheldon,
shekal,seckel,
sheeps nose,black gilliflower,
sheepnose,black gilliflower,
shapleigh apple,shapleigh apple,
seventy ounce,,?
september sweet,,?
sengrianna,,?
senator,oliver,
senator,oliver,
selkirk,seckel,
sekel,seckel,
seeks,westfield seek no farther,
seekonk,seekonk,
seek-no-further,westfield seek no farther,
seek-no-further,westfield seek no farther,
seek-no-further,westfield seek no farther,
seek-no-farther,westfield seek no farther,
seek-no-farther,westfield seek no farther,
seek no further,westfield seek no farther,
seek no further,westfield seek no farther,
seek no further,westfield seek no farther,
seek no farther,westfield seek no farther,
seek,westfield seek no farther,
seedling bartlett,seedling bartlett,
seckle,seckel,
seckel,seckel,
seckel,seckel,
seaver,seaver,?
scott's winter,scott's winter,
scott's winter,scott's winter,
scott's favorite,,?
scott winter,scott's winter,
scotch winter,scott's winter,
scotch winter,scott's winter,
scotch sweet,scott's winter,
schoolhouse,,?
scarlet pearmain,,?
scarlet crab,,?
sawyer sweet,,?
savoy,,?
savage,,?
sassafras sweet,haskell,
sarah,sarah,
sarah,sarah,
sapson,sops of wine,
salome,salome,
salome,salome,
salem russett,roxbury russet,
rutter,rutter,
rutta,rutter,
russian sweet,,?
russian red,,?
russian no. 27 m.,,?
russian iron-clad no. 4,,?
russian favorite,,?
russian crab,,?
russian,,?
russett sweet,,?
russett pairmain,hunt russet,
russett,,?
russet sweet,,?
russet permaine,hunt russet,
russet golden,,?
russet baldwin,russet baldwin,
russet (green),,?
russet,,?
russell,russell,
rusill,russell,
rush,,?
ruby red,,?
rubicon,rubicon,
royal table,royal table,
royal sweet,royal sweet,
royal red,,?
royal pearmain,herefordshire pearmain,
roxby russett,roxbury russet,
roxbury sweet,,?
roxbury russett,roxbury russet,
roxbury russett,roxbury russet,
roxbury russet,roxbury russet,
roxbury russet,roxbury russet,
roxbury russet,roxbury russet,
roxbury ruperts,roxbury russet,
roxbury greening,,?
roxbury,roxbury russet,
rox. russet,roxbury russet,
rox russet,roxbury russet,
rowle's janet,rall's jannet,
round sweet,pound sweet,
roughskin,,?
rough and ready,,?
rostiezer,rostiezer,
ross,,?
rose of stomstead,,?
rose of standish,,?
romna,,?
romeo,,?
rome beauty,rome beauty,
rome beauty,rome beauty,
rombo,rambo,
rombeau,rambo,
rolph,rolfe,
rolfe,rolfe,
rolfe,rolfe,
rolf,rolfe,
rockwood,rockwood,
rockland beauty,rockland beauty,
rockingham stripe,,?
rock sweet,rock sweet,
rock sweet,rock sweet,
rock russet,roxbury russet,
rock baldwin,,?
rochester baldwin,,?
robinson graft,,?
riverstone,ribston pippin,
riverside pippin,,?
river,river,
river,river,
rising sun,,?
ripston pippin,ribston pippin,
ripley sweet,,?
rings sweet,,?
ridge beauty,,?
ribstone pippin,ribston pippin,
ribstone pippin,ribston pippin,
ribston pippin,ribston pippin,
ribston pippin,ribston pippin,
ribston,ribston pippin,
ribbston pippin,ribston pippin,
ribbston,ribston pippin,
rhode island sweet,lyman's pumpkin sweet,
rhode island russet,perry russet,
rhode island quincy,,?
rhode island greenings,rhode island greening,
rhode island greening,rhode island greening,
rhode island greening,rhode island greening,
rhoda sweet,,?
rex regent,roxbury russet,
rewarikee,pewaukee,
revarkin,,?
remsfield,,?
regulus,,?
redstone pippin,ribston pippin,
red-streak,,?
red winter sweet,,?
red winter,,?
red williams,william's favorite,
red william,william's favorite,
red unknown,,?
red transparent crab,red siberain crab,
red sweet,,?
red stripe,,?
red streak,twenty ounce,
red stone pippin,ribston pippin,
red stark,stark,
red spy,northern spy,
red siberian crab,red siberain crab,
red shropshrivine,sops of wine,
red sanad,red canada,
red russet,red russet,
red russet,red russet,
red rome,rome beauty,
red reitingheimer,bietigheimer,
red pumpkin,ramsdell sweet,
red providence maine,,?
red porter,,?
red pippin,,?
red pearmaine,,?
red pearmain,,?
red mcintosh,mcintosh,
red june,red june,
red jewet,nodhead,
red harvey,,?
red gravenstein,gravenstein,
red granada,red canada,
red gold,,?
red flamingo,,?
red everlasting,greyhouse,
red dutch,duchess of oldenburg,
red detroit,detroit red,
red delicious,red delicious,
red crab,,?
red cheek,,?
red check greening,,?
red canada,canada red,
red canada,canada red,
red brittenhanna,bietigheimer,
red breligheimer,bietigheimer,
red bitzheimer,bietigheimer,
red biddemere,bietigheimer,
red beterheimer,bietigheimer,
red beterguner,bietigheimer,
red betenhimer,bietigheimer,
red bertshesheimer,bietigheimer,
red bellflower,red bellflower,
red beitigheimer,bietigheimer,
red beitgheimer,bietigheimer,
red beauty,rome beauty,
red beatdoin,baldwin,
red baldwin,baldwin,
red astrakan,red astrachan,
red astrachan,red astrachan,
red astrachan,red astrachan,
red astracan,red astrachan,
red and yellow harvey,,?
red and black,,?
rebson pippin,ribston pippin,
re par main,,?
rawler's jenet,rall's jannet,
rave ripe,,?
rauls gennett,rall's jannet,
rauber,,?
rattle box,,?
raspberry russet,,?
ransom sweet,ramsdell sweet,
ransom,ramsdell sweet,
ransacking,,?
randall sweet,ramsdell sweet,
ramsdell sweet,ramsdell sweet,
ramdell's sweet,ramsdell sweet,
rambough,rambo,
rambo,rambo,
rambo,rambo,
ramba,rambo,
ram's horns,rams's horns,
raleigh,,?
rainbow,rambo,
rainbow,rambo,
r. i. sweeting,lyman's pumpkin sweet,
r. i. sweet,lyman's pumpkin sweet,
r. i. russet,perry russet,
r. i. russet,perry russet,
r. i. pippin,,?
r. i. greening,rhode island greening,
r. i. greening,rhode island greening,
r. i. gravenstein,rhode island greening,
"r. i, sweet",lyman's pumpkin sweet,
r. i greening,rhode island greening,
r. i greening,rhode island greening,
r s pippin,ribston pippin,
r i greening,rhode island greening,
r i greening,rhode island greening,
quinine sweet,,?
quince sweeting,,?
quince sweet,,?
quince apple,,?
quince,cole's quince,
quince,cole's quince,
queens' pocket piece,queen's pocket,
queens choice,montreal crab,
queening,,?
queen's pocket,queen's pocket,
queen's choice,montreal crab,
queen sweeting,,?
queen sweet,,?
queen delight,,?
queen ann,,?
queen,,?
quebec winter sweet,quebec winter sweet,
quebec sweet,quebec winter sweet,
quebec sweet,quebec winter sweet,
quebec sweet,quebec winter sweet,
quaker beauty,quaker beauty crab,
putnam russet,roxbury russet,
purple winter,,?
purple crab,purple siberian crab,
purple blush crab,purple siberian crab,
puppy noses,,?
pumpkin sweeting,pumpkin russet,
pumpkin sweet,pumpkin russet,
pumpkin sweet,pumpkin russet,
pumpkin sour,,?
pumpkin,pumpkin russet,
prywate,primate,
province baldwin,,?
providence baldwin,,?
prospect greening,fall harvey,
prospect greening,fall harvey,
prolific sweet,prolific sweet,
prolific,prolific,
princess,,?
prince rupert,,?
prince of the kitchen,,?
prime,,?
primate,primate,
primate,primate,
pride of the orchard,queen of the orchard,
pride of maine,,?
pretainger,,?
president durward,,?
president duma,,?
president breonard,,?
president,president,
president,president,
pratt's special,,?
pratt,,?
pr. l. greening,rhode island greening ,
pound sweeting,lyman's pumpkin sweet,
pound sweeting,lyman's pumpkin sweet,
pound sweeting,lyman's pumpkin sweet,
pound sweet,lyman's pumpkin sweet,
pound sweet,lyman's pumpkin sweet,
pound sweet,lyman's pumpkin sweet,
pound russet,,?
pound royal,dyer,
pound pippin,fall pippin,
pound apple,gloria mundi,
pound apple,gloria mundi,
pound,gloria mundi,
pound,gloria mundi,
poughkeepsie russet,english russet,
poughkeepsie,english russet,
potter's sweet,leicester sweet,
potter sweet,leicester sweet,
portsmouth sweet,ledge sweet,
porter sweet,leicester sweet,
porter apple,porter,
porter,porter,
porter,porter,
ponds sweet,lyman's pumpkin sweet,
pond sweeting,lyman's pumpkin sweet,
ponard sweet,lyman's pumpkin sweet,
pommie gris,pomme gris,
pomme gris,pomme gris,
pomme gess,pomme gris,
pomeroy,pomme gris,
pomegris,pomme gris,
pome royal,dyer,
pomagree,pomme gris,
points,,?
plum crab,plumb crab,
plain russet,,?
plain jennette,fall jennetting,
pittsfield,,?
pippins,,?
pippin,,?
pippin,,?
pipin,,?
pinnate,primate,
pink cheek,,?
pine grove sweeting,,?
pinball sweet,,?
pin ball,,?
pike sweet,,?
pignose,,?
pie apple gravenstein,,?
pie apple,,?
phonix,,?
phoenix,,?
philadelphia pippin,fall pippin,
philadelphia pippin,fall pippin,
philadelphia broad,pennock,
phila. pearmain,,?
phila broad,pennock,
phil. stripe,,?
pewawkee,pewaukee,
pewaukie,pewaukee,
pewaukee,pewaukee,
pewaukee,pewaukee,
pewauke,pewaukee,
pewankee,pewaukee,
pewakee,pewaukee,
pewakee,pewaukee,
pewaka,pewaukee,
peure gusi,pomme gris,
petofsky,tetofski,
peters apple,peter,
peter pan,,?
peter,peter,
persian crab,,?
perry's seedling,,?
perry's russet,perry russet,
perkins sweet,,?
perfect,perfect,
perfect,perfect,
pennsylvania red,pennock,
pennock,pennock,
peneaukee,pewaukee,
penankee,pewaukee,
pelham sweet,pelham sweet,
peleg,,?
pefect,perfect,
peewuakee,pewaukee,
peewaukie,pewaukee,
peewaukee,pewaukee,
peewaukee,pewaukee,
peewanskee,pewaukee,
peewankee,pewaukee,
peerless,peerless,
pecks pleasant,peck pleasant,
peckard baldwin,,?
peck's pleasure,peck pleasant,
peck's pleasant,peck pleasant,
peck's pleasant,peck pleasant,
peck's pleasant,peck pleasant,
peck's favorite,peck pleasant,
peck's,peck pleasant,
peck,peck pleasant,
peawaukee,pewaukee,
peawaukee,pewaukee,
peawalkie,pewaukee,
peawakee,pewaukee,
pearmains,blue pearmain,
pearmain,blue pearmain,
pearmain,blue pearmain,
pearl,,?
pear sye,,?
pear russet,,?
pear maine sweet,,?
pear apple,,?
peanwam,,?
peah apple,peach of montreal,
peachblow,peachblow,
peach tomato,,?
peach sweet,,?
peach blow,peachblow,
peach blossom,,?
peach bloom,,?
peach apple,peach of montreal,
peach apple,peach of montreal,
peach,,?
peabody's sweet,peabody sweet,
peabody greening,peabody,
peabody early,peabody early,
pawaka,pewaukee,
patty sweet,,?
patterson sweet,,?
patent baldwin,,?
passe colmar,,?
parson's sweet,parson,
parlin,parlin,
parlin,parlin,
parker sweet,parker sweet,
paragon,paragon,
paradise sweet,winter sweet paradise,
paradise d'autumn,,?
panelopy,,?
palmer,,?
pairmain,blue pearmain,
page,page,
page,page,
packer,,?
packard,,?
oxford russet,,?
oxford beauty,,?
oxford,black oxford,
oxford,black oxford,
ox-heart,,?
our favorite,,?
ounce pippin,,?
oregon sweet,oregon sweet,
orchard sweet,,?
orange sweet,orange sweet,
orange sweet,orange sweet,
orange spy,,?
orange spick,orange speck,
orange speck,orange speck,
orange porter,porter,
orange pippin,orange pippin,
orange pearmain,,?
orange greening,blenheim orange,
orange crab,orange crab,
orange apple,,?
orange,,?
orandaga,onondaga,
oplacent,opalescent,
opalescent,opalescent,
ontario,ontario,
onondago,onondaga,
onondaga,onondaga,
oliver sentinal,oliver,
oldenburg,duchess of oldenburg,
old-fashioned cathead,,?
old-fashioned baldwin,baldwin,
old sour apple,,?
old fashioned russet,,?
old fashioned greening,rhode island greening ,
ohio pippin,ohio pippin,
october sweet,,?
ocean,,?
oak,,?
noyes,noyes,
noyes,noyes,
nowest greening,northwest greening,
northwestern greening,northwest greening,
northwestern,northwest greening,
northwest greening,northwest greening,
northfield beauty,northfield beauty,
northern sweet,northern sweet,
northern spy,northern spy,
northern spy,northern spy,
northern bell,northern bell,
northern,,?
north west greening,northwest greening,
north star,dudley winter,
north star,dudley winter,
noroton greening,northwest greening,
norman sweet,,?
norman,,?
nonsuch,hubbardston nonesuch,
nonsuch,hubbardston nonesuch,
nonpareil,,?
nonesuch,hubbardston nonesuch,
nonesuch,hubbardston nonesuch,
nonesuch,hubbardston nonesuch,
nonesuch,hubbardston nonesuch,
none-such,hubbardston nonesuch,
none-such,hubbardston nonesuch,
none-so-good,,?
none such,hubbardston nonesuch,
none other,,?
nolon apple,,?
nodhead,jewett's fine red,
nodhead,jewett's fine red,
nodhead,jewett's fine red,
nodhead,jewett's fine red,
nodheaad,jewett's fine red,
nod-head,jewett's fine red,
nod head,jewett's fine red,
nod head,jewett's fine red,
nod head,jewett's fine red,
nod head,jewett's fine red,
no. star,dudley winter,
no. spy,northern spy,
no-name sweet,,?
no name,,?
nine oz.,deane,
nine ounce,deane,
nine ounce,deane,
niggerhead,,?
nickerson,nickerson,
nickerson,nickerson,
nickajack,nickerjack,
nice,,?
newtown pippin,,?
newtown pippin,,?
newton sweeting,,?
newton sweet,,?
newton pippin,,?
newton pippin,,?
newbury sweet,newbury sweet,
newark pippin,newark pippin,
new york sweet,new york sweet,
new york stripe,,?
new york stark,,?
new york russet,golden russet of western new york,
new york russet,golden russet of western new york,
new york pride,,?
new york pippins,,?
new york pippin,,?
new york nodhead,,?
new york greening,,?
new york geneting,,?
new york fall pippin,,?
new york cathead,,?
new york bower,,?
new york baldwin,,?
new york,,?
new jersey pippin,,?
new gloucester ball,,?
new brunswick greening,new brunswick greening,
nelson,nelson,
nelly sye,,?
nature,,?
native sweet,,?
native snow,,?
native russet,,?
native greening,,?
native bellflower,,?
national ash,,?
nathan spy,northern spy,
nason,,?
napoleon,napoleon,
napolean,napoleon,
naples crab,,?
nancy,,?
naked limb greening,fall harvey,
naked limb greening,fall harvey,
n. y. sweeting,,?
n. y. sweet,,?
n. y. stripe,,?
n. y. spy,,?
n. y. seedling,,?
n. y. russett,golden russet of western new york,
n. y. russet,golden russet of western new york,
n. y. porter,,?
n. y. pippin,,?
n. y. nameless,,?
n. y. jinctuer,,?
n. y. harvey,,?
n. y. greening,,?
n. y. golden sweet,,?
n. y. geneting,,?
n. y. crab,,?
n. y. blush,,?
n. y. baldwin,,?
n. y. apple,,?
n. w. greening,northwest greening,
n. t. greening,,?
n. spy,northern spy,
n. j. sweet,,?
n. j. pippin,,?
n. h. sweet,,?
n. g. russet,golden russet of western new york,
n. e. greening,,?
n y stripe,,?
n e beauty,,?
myrick,,?
mutton apple,,?
munster,,?
munson's sweet,munson sweet,
munson sweet,munson sweet,
munson sweet,munson sweet,
munson early,,?
munson,munson sweet,
mun's sweet,munson sweet,
mt. sweet,,?
mt. greening,,?
mountain sweet,,?
mountain strawberry,,?
mount vernon,,?
mother sweet,,?
mother of pearl,,?
mother apple,mother,
mother,mother,
mother,mother,
moses wood,moses wood,
morton,,?
morse early,,?
morcean,,?
moore's sweet,,?
moore's seedling,,?
moor's river russet,,?
moody sweet,,?
moody,moody,
montreal peach,peach of montreal,
montreal beauty crab,montreal beauty crab,
monstoon,,?
monster pippin,gloria mundi,
monster apple,gloria mundi,
monson's sweet,munson sweet,
monson sweet,munson sweet,
monroe sweet,monroe sweet,
monmouth pippin,monmouth,
monmouth black twig,mammoth black twig,
monmouth,monmouth,
monmoth pippin,monmouth,
monarch,,?
molasses sweet,,?
mohawk,,?
mocher,,?
minnesota,,?
minister,minister,
minister,minister,
milton,milton,
millwig,milden,
milding,milden,
milding,milden,
milding,milden,
mildew,milden,
milden,milden,
mild sour,,?
miland,milden,
middling,milden,
michigan greening,,?
michigan early harvest,,?
mexican,mexico,
merrill,,?
melon,melon,
mellon apple,melon,
mellen's favorite,,?
mellen sweet,,?
melden,milden,
mealy apple,,?
meallhy,wealthy,
mclellan,mclellan,
mcintosh red,mcintosh,
mcintosh red,mcintosh,
mcintosh red,mcintosh,
mcintosh,mcintosh,
mcintosh,mcintosh,
mcintosh,mcintosh,
mcclellan,mclellan,
mays apple,,?
maxim seedling,maxim seedling ,
mawn,,?
mathews stripe,lyscom,
massachusetts porter,,?
mass. greening,,?
mason,,?
mary's apple,,?
martha's crab,martha crab,
martha stripe,lyscom,
martha stripe,lyscom,
martha crab,martha crab,
marston,marston,
marshal,,?
marling russet,,?
marie louise,marie louise,
maria louise,marie louise,
marguerite,,?
marengo crab,,?
marde maidens blush,,?
marblehead,,?
mansons sweet,munson sweet,
manson sweet,munson sweet,
manning,,?
mann's,mann,
mann apple,mann,
mann,mann,
mann,mann,
manings elizabeth,,?
manchester strawberry,,?
man,mann,
mamoth cathead,,?
mammy sweet,,?
mammouth pippen,,?
mammoth sweet,,?
mammoth russet,,?
mammoth pippin,,?
mammoth greening,,?
mammoth,,?
mallet,,?
male carle,mela carla,
maith stripe,lyscom,
maine standard,,?
maine pippin,,?
maine northern spy,,?
maine harvey,,?
maine harvest,,?
maine greening,,?
maine beauty,,?
maine baldwin,,?
maine,mann,
maine,mann,
main,,?
maidens blush,maiden blush,
maidens blush,maiden blush,
maidens blush,maiden blush,
maiden's blush,maiden blush,
maiden's blush,maiden blush,
maiden's blush,maiden blush,
maiden's blush,maiden blush,
maiden-blush,maiden blush,
maiden blush,maiden blush,
maiden blush,maiden blush,
maiden blush,maiden blush,
magog redstreak,magog redstreak,
magog red streak,magog redstreak,
magog,magog redstreak,
madison strawberry,washington strawberry,
madaline,madeleine,
mackintosh red,mcintosh,
mackintosh red,mcintosh,
mackintosh greening,mcintosh,
mackintosh,mcintosh,
macintosh red,mcintosh,
macintosh,mcintosh,
maan,mann,
m. w. greening,northwest greening,
m. beauty crab,montreal beauty crab,
lyscomb,lyscom,
lyscom,lyscom,
lymington (striped),,?
lutton beauty,sutton beauty,
lumberting,,?
luister twig,,?
lovejoy sweet,,?
lovage,,?
louise bonnie,louise bonne de jersey,
louise bonne de jersey,louise bonne de jersey,
louise bonne de jersey,louise bonne de jersey,
louise bonne d'jersey,louise bonne de jersey,
louise bon de jersey,louise bonne de jersey,
louisa,louise bonne de jersey,
louis bonne de jersey,louise bonne de jersey,
lost tally,,?
loring sweet,,?
longfield,longfield,
longfield,longfield,
longfellow,,?
long stem sweeting,baker sweet,
long stem sweet,baker sweet,
long stem,baker sweet,
long john,long john,
long graft,,?
long field,longfield,
loamice,,?
littlefield beauty,,?
little nonesuch,,?
liscomb,lyscom,
lincoln sweet,,?
lincoln pippin,winthrop greening ,
lincoln pippin,winthrop greening ,
lincoln,,?
limbertwig greening,fall harvey,
limbertwig,,?
limberting,,?
limberstring,,?
limber twig russet,golden russet of western new york,
limber twig greening,fall harvey,
limber twig,,?
limba twig,,?
lewis bon de jersey,louise bonne de jersey,
lester sweet,leicester sweet,
lemon sweet,,?
lemon apple,,?
lee,,?
leafless greening,fall harvey,
leafless,fall harvey,
lead apple,,?
lawson,,?
lawrence,st. lawrence,
lawrence,lawrence,
lawrence,,?
lawler,lawver,
late winter,,?
late sweet,,?
late strawberry,late strawberry,
late pippin,,?
late mcintosh,,?
late astrachan,,?
large yellow bough,sweet bough,
large yellow bough,sweet bough,
langfield,longfield,
lancaster,,?
lake,lake,
lake,lake,
lady sweet,lady sweet,
lady suffield,,?
lady haley,,?
lady elgin crab,,?
lady crab,lady,
lady apple,lady,
ladies' sweeting,lady sweet ,
ladies' sweet,lady sweet,
ladies' sweet,lady sweet ,
ladies' sweet,lady sweet ,
ladies sweet,lady sweet ,
ladies blush,,?
ladie's sweet,lady sweet,
la rue,,?
kuffer,,?
koonce,,?
konkin red stripe,,?
knox greening,,?
knowlton sweet,,?
knowlton,,?
kingston russet,,?
kings pockit,,?
kings pocket,,?
king william,,?
king tompkins county,king of tompkins county,
king tompkins,king of tompkins county,
king tompkins,king of tompkins county,
king tompkins,king of tompkins county,
king tompkin,king of tompkins county,
king sweeting,,?
king sweet,,?
king pippin,,?
king philip sweet,,?
king of tompkins county,king of tompkins county,
king of tompkins county,king of tompkins county,
king of tompkins county,king of tompkins county,
king of tompkins co.,king of tompkins county,
king of tompkins,king of tompkins county,
king of tompkins,king of tompkins county,
king of thompkins co.,king of tompkins county,
king of franklin co.,,?
king of dilliam,,?
king edward,,?
king david,king david,
king david,king david,
king,king of tompkins county,
king,king of tompkins county,
king,king of tompkins county,
king,king of tompkins county,
king,king of tompkins county,
kimball,winthrop greening ,
kilmhill,kilham hill,
kilmhill,kilham hill,
killum hill,kilham hill,
killham hill,kilham hill,
killham hill,kilham hill,
killhain hill,kilham hill,
killernhill,kilham hill,
killen hill,kilham hill,
killam hill,kilham hill,
kiffer,keiffer,
kieffer,keiffer,
keswick codling,keswick codlin,
kerwicks codlin,keswick codlin,
kenwick codlin,keswick codling,
kentuck red,,?
kennebec greening,winthrop greening ,
kennebec,winthrop greening ,
kellum hill,kilham hill,
kellum hill,kilham hill,
kellomell,kilham hill,
keiffer,keiffer,
keiffer,keiffer,
keeper,keiffer,
keeper,keiffer,
kavanah russett,kavanagh russet,
kavanah russet,kavanagh russet,
kavanagh graft,kavanagh russet,
kavanagh,kavanagh russet,
kaneas red,arkansas red,
kalm hill,killum hill,
justin,,?
juneating,fall jenneting,
jumbo,,?
julienne,,?
judy sweet,,?
joshua sweet,,?
joseph's choice,,?
jordan sweet,,?
jonathan sweet,,?
jonathan,jonathan,
jonathan,jonathan,
johnson russet,,?
joe sweet,,?
jillyflower,black gilliflower,
jilly flower,black gilliflower,
jilliflower,black gilliflower,
jewetts,jewett's fine red,
jewett's fine red,jewett's fine red,
jewett's fine red,jewett's fine red,
jersey sweeting,jersey sweet,
jersey sweet,jersey sweet,
jersey sweet,jersey sweet,
jersey pippin,,?
jersey greening,,?
jersey crab,,?
jersey,,?
jenny swett,jersey sweet,
jennetting,,?
jennet's red,jewett's fine red,
jenetin,fall jenneting,
jelly flower,black gilliflower,
jelly crab,,?
jelly apple,black gilliflower,
jelliflower,black gilliflower,
jelley flower,black gilliflower,
jeffries,jeffries,
jeannette,fall jenneting,
jeanetting,fall jenneting,
january russet,,?
janettion,fall jenneting,
janetting,fall jenneting,
jacobs sweet,jacob sweet,
jacobs sweet,jacob sweet,
jacob's sweet,jacob sweet,
jacob sweet,jacob sweet,
jacob sweet,jacob sweet,
jacksons best,jacksons best,
jackson sweet,,?
jackson greening,,?
jack sweet,,?
jabe,jabe,
italian russet,italian russet,
ironstone,,?
iron clad greening,,?
iron ball,,?
ingalls,,?
indian queen,indian queen,
indian queen,indian queen,
improved pumpkin sweet,,?
improved greening,,?
improved fameuse,,?
improved ben davis,,?
imperial sweet,,?
imperial,,?
idaho,idaho,
hyssop crab,hyslop crab,
hyssop crab,hyslop crab,
hysop crab,hyslop crab,
hyslops crab,hyslop crab,
hyslop crab,hyslop crab,
hyslop crab,hyslop crab,
hyslop,hyslop crab,
huston pippin,,?
hurlebut,hurlbut,
hurlbut,hurlbut,
hurlburt,hurlbut,
hurlburt,hurlbut,
hurlbert stripe,hurlbut,
hurlbert,hurlbut,
hurbert,hurlbut,
hunter,,?
hunt's red,,?
hunt russett,hunt russet,
hunt russet,hunt russet,
hungarian crab,,?
hulbert,hurlbut,
hubertson monarch,hubbardston nonesuch,
hubbardstons nonesuch,hubbardston nonesuch,
hubbardstone,hubbardston nonesuch,
hubbardstone,hubbardston nonesuch,
hubbardston's nonesuch,hubbardston nonesuch,
hubbardston's nonesuch,hubbardston nonesuch,
hubbardston nonsuch,hubbardston nonesuch,
hubbardston nonsuch,hubbardston nonesuch,
hubbardston nonsuch,hubbardston nonesuch,
hubbardston nonesuch,hubbardston nonesuch,
hubbardston nonesuch,hubbardston nonesuch,
hubbardston none such,hubbardston nonesuch,
hubbardston,hubbardston nonesuch,
hubbardston,hubbardston nonesuch,
hubbardsten,hubbardston nonesuch,
hubbardstein,hubbardston nonesuch,
hubbardson's nonsuch,hubbardston nonesuch,
hubbardson nonsuch,hubbardston nonesuch,
hubbardson,hubbardston nonesuch,
hubbard nonesuch,hubbardston nonesuch,
hubbard nonesuch,hubbardston nonesuch,
hubbard,hubbardston nonesuch,
hubbard,hubbardston nonesuch,
hub. nonsuch,hubbardston nonesuch,
hub. nonesuch,hubbardston nonesuch,
hub. non.,hubbardston nonesuch,
hoyt's sweet,hoyt,
hoyt sweet,hoyt,
hoyt,hoyt,
howell winter,,?
howell,howell,
howell,howell,
howe,,?
houston,,?
house,,?
houdan,,?
horther,mother,
honey sweet,cummings sweet,
honey sweet,,?
honey pink,honey pink,
honey pink,honey pink,
honey,,?
home sweet,holmes sweet,
holman's russet,holman russet,
holman sweet,tolman sweet,
holman russet,holman russet,
holly water,fallawater,
holly,holly or hawley,
holly,,?
holly,,?
holly,,?
holland pippin,,?
hobbs' best crab,hobbs' best crab,
hobbs favorite,hobbs favorite,
hislop crab,hyslop crab,
hilton,,?
hightop sweeting,hightop sweet,
hightop sweet,hightop sweet,
hightop sweet,hightop sweet,
hightop,hightop sweet,
high-top sweet,hightop sweet,
high top sweeting,hightop sweet,
high top sweeting,hightop sweet,
high top sweet,hightop sweet,
high top sweet,hightop sweet,
high top sweet,hightop sweet,
high sweet,hightop sweet,
higgins greening,,?
hibbs,,?
hess,,?
hersey greening,,?
herrman's favorite,,?
herlbert,hurlbut,
henrietta sweet,,?
hendrick's sweet,,?
henderson sweet,,?
head russet,kavanagh russet,
haynes sweet,,?
hayford's sweet,hayford sweet,
hayford's sour,hayford's sour,
hay boy,,?
hawthornden,hawthornden,
hawthawden,hawthornden,
hawley,hawley,
hautboy,,?
hass,haas,
hass,haas,
haskell sweet,,?
harvey sweet,,?
harvey greening,fall harvey,
harvey greening,fall harvey,
harvey apple,fall harvey,
harvey,fall harvey,
harvey,fall harvey,
harvest sweet,,?
harvest queen,,?
harvest greenings,fall harvey,
harvest,,?
harvard,,?
hartford sweet,,?
hartford,,?
hart's red,,?
hart's,,?
hardy's winter,,?
hardy sweet,,?
hardy greening,,?
hardy,beurre hardy,
hardy,,?
harding,,?
hard to beat,,?
hamilton graft,,?
hallowell pippin,,?
halbert,hurlbut,
hacked apple,,?
haas,haas,
haas,haas,
haar,haas,
h. top sweet,hightop sweet,
h. nonesuch,hubbardston nonesuch,
gushee,gushee,
gurrington,,?
gurnthay,,?
gum golden,,?
guiner golden,grimes golden,
grimes' golden,grimes golden,
grimes' golden,grimes golden,
grimes golden pippin,grimes golden,
grimes golden,grimes golden,
grimes golden,grimes golden,
grimes,grimes golden,
grime's golden,grimes golden,
grime's golden,grimes golden,
grimace,,?
grey russet,pomme grise,
grey pippin,,?
greening,,?
greening,,?
green sweet,green sweet,
green russet,,?
green mountain,,?
green cooking,,?
green baldwin,,?
green,,?
great eastern,gravenstein,
gray russet,pomme grise,
graveston,gravenstein,
gravenstine,gravenstein,
gravenstein,gravenstein,
gravenstein,gravenstein,
graveline,gravenstein,
graton pippin,,?
granite beauty,granite beauty,
granite beauty,granite beauty,
granite,granite beauty,
granit beauty,granite beauty,
grandmother,grandmother,
grand sachem,,?
grand isle,,?
graden pippin,,?
governor,,?
gould's king,,?
gott apple,,?
gordon russet,,?
goodrich,,?
goodell,,?
goodale,goodale,
goodale,goodale,
good minister,minister,
golden transparent,yellow transparent,
golden sweet,,?
golden russett quince,,?
golden russett,,?
golden russet,,?
golden royal,garden royal,
golden royal,garden royal,
golden porter,,?
golden pippin,golden pippin,
golden pippin,,?
golden pearmain,,?
golden orb,golden ball,
golden harvest,,?
golden greening,,?
golden flower,,?
golden duchess,,?
golden delicious,yellow delicious,
golden crown,,?
golden crab,,?
golden bell,golden ball,
golden beauty,,?
golden ball,golden ball,
golden ball,golden ball,
golden,,?
gold ball,golden ball,
goding royal,garden royal,
goddard,,?
glout morceau,,?
gloria mundy,gloria mundi,
gloria mundi,gloria mundi (of maine),
gloria mundi,gloria mundi,
gloria mundi,gloria mundi,
gloria munch,gloria mundi,
glori mundi,gloria mundi,
girflin apple,,?
gillyflower,black gilliflower,
gilly flower,black gilliflower,
gilliflower,black gilliflower,
gilliflower,black gilliflower,
gillieflower,black gilliflower,
gillflower,black gilliflower,
gilley flower,black gilliflower,
gillaflower,black gilliflower,
gill flower,black gilliflower,
gilford sweet,,?
gilflower,black gilliflower,
gile flower,black gilliflower,
gilden beauty,,?
gideon,gideon,
gideon,gideon,
gibson sweet,,?
giant beauty,granite beauty,
ghanvres,,?
germantown,,?
german red,,?
german prince,,?
germaine,,?
georgia,,?
genting,fall jenneting,
genniting,fall jenneting,
gennetts,fall jenneting,
gennett,fall jenneting,
genneting,fall jenneting,
genneting,fall jenneting,
geniton,fall jenneting,
genitin,fall jenneting,
genitan,fall jenneting,
geneva pippin,,?
genetting,fall jenneting,
genettin,fall jenneting,
genettie,fall jenneting,
geneton,fall jenneting,
genetin,fall jenneting,
genetin,fall jenneting,
genetian,fall jenneting,
general grant,general grant crab,
genatin,fall jenneting,
gen. grant,general grant crab,
gen ex,,?
geenating,fall genneting,
gardner sweet,,?
gardner,,?
gardiner sweet,garden sweet,
garden sweet,garden sweet,
garden sweet,,?
garden spice,,?
garden royal,garden royal,
garden royal,,?
garden rosy,garden royal,
garden pippin,,?
garden graft,,?
garden fruit,,?
garden flat,,?
garden beauty,,?
garden apple,,?
garden,,?
garber,,?
gans,gano,
gano,gano,
gano,gano,
gang,gano,
gance,gano,
gance,gano,
gana,gano,
galveston,,?
gale's pippin,,?
g mountain,,?
fulton,fulton,
fulton,fulton,
fullman sweet,tolman sweet,
fullawater,fallawater,
frye apple,frye,
frye,frye,
french sweet,,?
french russet,kavanaugh russet,
french pomane,,?
french pippin,,?
french pearmain,,?
french pear,,?
french dwarf,,?
french crab,,?
fremont,fremont,
freemont,fremont,
fredric clapp,frederick clapp,
frederick clapp,frederick clapp,
franklin sweeting (striped),,?
franklin sweeting (red),,?
franklin sweeting,franklin sweet,
franklin sweet,franklin sweet,
franklin sweet,franklin sweet,
franklin,franklin sweet,
franeuse,fameuse,
fountain,,?
foundling,foundling,
forsett graft,,?
forest favorite,,?
forbes favorite,,?
flushing spitsbergen,,?
florence,,?
fletcher sweet,fletcher sweet,
fletcher sweet,fletcher sweet,
flemish beauty,flemish beauty,
flemish beauty,flemish beauty,
flaxon vixon,,?
flanders favorite,,?
flanders,flanders,
fitchburg,,?
fishpiller,fishkill,
fishkill,fishkill,
fishkill,fishkill,
fisher,,?
finch tree,,?
fesset,,?
feares,,?
favorite,william's favorite,
favorite,,?
faus apple,,?
farnes,,?
farmeuse,fameuse,
farmer's reward,,?
farmer's beauty,,?
farmer's apple,,?
farmer's,,?
farmease,fameuse,
famuse,fameuse,
famuese,fameuse,
famouse,fameuse,
famous blue,,?
fameuse,fameuse,
fameuse,fameuse,
falmouth sweet,,?
falmouth pippin,,?
fallwater,fallawater,
fallsweather,fallawater,
fallowater,fallawater,
fallow water,fallawater,
falley water,fallawater,
fallawater,fallawater,
fallawater,fallawater,
fallawater,fallawater,
falla water,fallawater,
fall water,fallawater,
fall talman,,?
fall sweeting,,?
fall sweet russett,pumpkin russet,
fall sweet russet,pumpkin russet,
fall sweet,,?
fall strawberry,late strawberry,
fall strawberry,,?
fall spy,fall spy,
fall russett,,?
fall river,fallawater,
fall porter,porter,
fall porter,porter,
fall pippin,fall pippin,
fall pippin,fall pippin,
fall orange,fall orange,
fall orange,fall orange,
fall jenning,fall jenneting,
fall jennetting,fall jenneting,
fall jennett,fall jenneting,
fall jenneting,fall jenneting,
fall jenneting,fall jenneting,
fall jenneting,fall jenneting,
fall jenetting,fall jenneting,
fall jenettan,fall jenneting,
fall jeaniting,fall jenneting,
fall jeanetting,fall jenneting,
fall jannetting,fall jenneting,
fall janet,fall jenneting,
fall hubbardston,,?
fall harvey greening,fall harvey,
fall harvey,fall harvey,
fall harvey,fall harvey,
fall harvest,fall harvey,
fall greening,fall harvey,
fall greening,,?
fall gravenstein,,?
fall gentian,fall jenneting,
fall gentian,fall jenneting,
fall gentian,fall jenneting,
fall genneting,fall jenneting,
fall genneting,fall jenneting,
fall genitan,fall jenneting,
fall genetting,fall jenneting,
fall geneting,fall jenneting,
fall genetin,fall jenneting,
fall favorite,,?
fall baldwin,,?
falawater,fallawater,
fairbanks sweet,,?
fairbanks,fairbanks,
excelsior crab,,?
excelsior,,?
exalder,alexander,
eve's,,?
eureka red streak,twenty ounce,
esvalt,,?
english sweet,ramsdell sweet,
english russett,english russet,
english russett,english russet,
english russet,english russet,
english russet,english russet,
english oxford,,?
english greening,,?
english graft,,?
english,,?
emperor,,?
emerson,,?
elkhorn,elkhorn,
elizabeth,elizabeth,
elizabeth,elizabeth,
eleren pippin,,?
eldorado russet,,?
eight ounce pippin,deane,
edmond's autumn,,?
edgecomb favorite,,?
eden beauty,eden beauty ,
eatsom,,?
eaton sweet,,?
eastern queen,,?
eastern belle,eastern belle,
eastern bell,eastern belle,
easter beune,,?
early winter,,?
early williams,,?
early william,,?
early twin,,?
early transparent,yellow transparent,
early transparent,yellow transparent,
early sweet bough,sweet bough ,
early sweet,,?
early sweet,,?
early summer,,?
early strawberry,early strawberry,
early strawberry,early strawberry,
early sour,,?
early scarlet,early scarlet,
early russian,,?
early russet,,?
early roxbury daggett,,?
early printon,,?
early mcintosh,,?
early joe,early joe,
early jennetting,,?
early jenneting,,?
early harvey,early harvest,
early harvest,early harvest,
early harvest,early harvest,
early favorite,,?
early bough,sweet bough,
early blossom,,?
early bloomfield,,?
early bellflower,,?
early bell,,?
early autumn,,?
early augusta,,?
early august,,?
eagle,,?
"e, russett",,?
dyer,dyer,
dwarf baldwin,,?
dwarf,,?
dutchess of oldenburg,duchess of oldenburg,
dutchess dwarf,,?
dutchess de angulene,duchesse d'angouleme,
dutchess,duchess of oldenburg,
dutchess,,?
dutch coudle,,?
dutch codlin,,?
dunning,,?
dunmore,,?
duke of argola,,?
dudley's winter,dudley winter,
dudley's winter,dudley winter,
dudley winter,dudley winter,
dudley winter,dudley winter,
dudley,dudley winter,
duchesse de ogdensburg,duchess of oldenburg,
duchesse de bordeaux,,?
duchesse de angonleme,duchesse d'angouleme,
duchesse d'angouleme,duchesse d'angouleme,
duchesse,,?
duchess pearmain,,?
duchess oldensburg,duchess of oldenburg,
duchess oldenburg,duchess of oldenburg,
duchess oldenberg,duchess of oldenburg,
duchess of oldenburgh,duchess of oldenburg,
duchess of oldenburg,duchess of oldenburg,
duchess of oldenburg,duchess of oldenburg,
duchess of oldenburg,duchess of oldenburg,
duchess of oldenburg,duchess of oldenburg,
duchess of oldenbirg,duchess of oldenburg,
duchess of oldenberg,duchess of oldenburg,
duchess of oldenberg,duchess of oldenburg,
duchess of oldenberg,duchess of oldenburg,
duchess of odenburg,duchess of oldenburg,
duchess of columbia,,?
duchess of bordeaux,,?
duchess of berdsay,,?
duchess dongleme,duchesse d'angouleme,
duchess de bordeaux,,?
duchess de beaux,,?
duchess de argouline,duchesse d'angouleme,
duchess de angouline,duchesse d'angouleme,
duchess de angouleme,duchesse d'angouleme,
duchess d'augouleme,duchesse d'angouleme,
duchess d'angoulleme,duchesse d'angouleme,
duchess d'angouleme,duchesse d'angouleme,
duchess d'anglorinne,duchesse d'angouleme,
duchess d' angouleme,duchesse d'angouleme,
duchess angouleme,duchesse d'angouleme,
duchess,duchesse d'angouleme,
duchess,duchess of oldenburg,
duchess,duchess of oldenburg,
duchess,,?
drap d'or,drap d'or,
doynne bosworth,,?
doyenne d'ete,,?
doyenne boussock,,?
doyenne bosc,,?
doyenne,,?
doyen white,,?
dover favorites,,?
double gill flower,,?
dorset,,?
donne bussock,,?
domino,,?
dominie,,?
dollar apple,,?
dodd,,?
doctor brooks,,?
dian,,?
detroit,,?
derby pippin,derby pippin,
delicious,red delicious,
delicious,red delicious,
delicious,red delicious,
deleware red winter,lawver,
delaware,lawver,
deceiver,,?
deane,deane,
dean,deane,
dean,deane,
de tanga,,?
de anjou,beurre d'anjou,
de anjou,,?
de angean,,?
davis,,?
danyon,,?
danvers winter sweet,danvers winter sweet,
danvers sweet,danvers winter sweet,
danvers sweet,danvers winter sweet,
danvers,danvers winter sweet,
danver's winter sweet,danvers winter sweet,
dano,gano,
dana's hovey,dana hovey,
dampe,,?
daldenburg,duchess of oldenburg,
dakota red,,?
daily sweet,,?
d'anjou,,?
cuthburt,hurlbut ,
cuthbert,hurlbut ,
cuthbert,hurlbut ,
cummings sweet,cummings sweet,
cummings greening,,?
cummings,,?
culvert,colvert,
culvert,colvert,
cubfola,,?
crystal beauty,crystal beauty,
crown apple,,?
crow sweet,,?
cross orange,,?
crimson beauty,crimson beauty,
creased apple,,?
cream yellow,,?
crane pippin,ortley,
cranberry pippin,cranberry pippin,
cranberry pippin,cranberry pippin,
cranberry crab,,?
cranberry,cranberry pippin,
craig's pearmain,,?
cowel,,?
corvenere de aneress,,?
cortland,cortland,
cortland,cortland,
cornish greening,,?
corner apple,,?
corn sweet,,?
corn field apples,,?
coopers market,cooper's market,
cooper's market,cooper's market,
cooper's market,cooper's market,
cooper's market,cooper's market,
cooper market,cooper's market,
cook's sweet,,?
cook,cook,
cony sweet,,?
connecticut winter sweet,,?
connecticut king,,?
connecticut greening,,?
congress,souvenir de congress,
congress,congress,
concord,,?
common sweet,,?
common russets,,?
common russet,,?
common cathead,,?
colvert,colvert,
colvert,colvert,
columbus,columbus,
color quince,cole's quince,
colooct,,?
collins,collins,
cole's quince,cole's quince,
cole quince,cole's quince,
colcord sweet,colcord sweet,
codling,,?
coburn sweet,,?
cobert,colvert,
clyde beauty,clyde,
cluster crab,,?
clie's beauty,clyde,
clerga,,?
cleaga,,?
clarke,,?
clark's favorite,,?
clark sweet,,?
clark,clark,
clapps favorite,clapp favorite,
clapps favorite,clapp favorite,
clapps,clapp favorite,
clapp's favorite,clapp favorite,
clapp's favorite,clapp favorite,
clapp favorite,clapp favorite,
clap's favorite,clapp favorite,
clajeris favorite,clapp favorite,
clairgeau,,?
cinch greening,,?
chute,,?
christmas sweet,,?
china,,?
children's choice,,?
chick's red,,?
chestnut,,?
cherry crab,,?
chenango strawberry,chenango strawberry,
chenango strawberry,chenango strawberry,
chenango strakeberry,chenango strawberry,
chelmsford,,?
chase's jelly crab,,?
chase jelly crab,,?
chase apple,,?
champion,,?
chamberlain,,?
centini,,?
cayuga red stripe,twenty ounce,
cayuga red streak,twenty ounce,
cayuca red,twenty ounce,
cavanaugh,kavanaugh russet,
catskill,,?
cathead sweeting,,?
cathead sweet,,?
cathead russet,kavanaugh russet,
cathead russet,kavanaugh russet,
cathead,,?
cat-head,,?
cat head russett,kavanaugh russet,
cat head,,?
carroll sweet,,?
carleton,,?
capuamount,,?
cape cod,,?
canes,gano,
cane pippin,ortley,
candy red,,?
cananda red,red canada,
canadian red,red canada,
canadian greening,new brunswick greening,
canadian baldwin,canada baldwin,
canada stripe,,?
canada russet,canada reinette,
canada rennet,canada reinette,
canada reinsten,canada reinette,
canada reinett,canada reinette,
canada red,red canada,
canada red,red canada,
canada porter,,?
canada pippin,,?
canada pearmain,,?
canada peach,montreal peach,
canada nonesuch,red canada,
canada greening,new brunswick greening,
canada baldwin,canada baldwin,
canada baldwin,canada baldwin,
canada,,?
camper's market,cooper's market,
calvert,colvert,
calvert,colvert,
caliph,calef,
california sweet,,?
california pippin,,?
california belleflower,,?
california,,?
caleph sweet,calef,
calef,calef,
cab. head russet,kavanaugh russet,
c. red streak,twenty ounce,
c h russet,kavanaugh russet,
buru d. anjou,beurre d'anjou,
burred' anjou,beurre d'anjou,
burre hardy,buerre hardy,
burre d'argou,beurre d'anjou,
burbank beauty,,?
burbank,,?
bumpus,,?
bullard sweet,,?
buffum,buffum,
buffum,buffum,
buffam,buffum,
buffalo sweeting,,?
buerrer base,beurre bosc,
buerre hardy,beurre hardy,
buerre de anjou,beurre d'anjou,
buerre d'aremburg,beurre d'aremberg,
buerre d'anjou,beurre d'anjou,
buerre d'amanlis,beurre d'amanlis,
buerre clairgeau,beurre clairgeau,
buerre charrgean,beurre clairgeau,
buerre arigon,beurre d'anjou,
buell,,?
buck sweet,,?
buck,,?
brunswick pippin,,?
brown's best,,?
brown sweet,,?
brooks favorite,brooks favorite,
broadwell,,?
brinkles orange,,?
briggs auburn,briggs auburn,
briggs auburn,briggs auburn,
bretymany,bietigheimer,
bretigheimer,bietigheimer,
bretegemer,bietigheimer,
brandywine,brandywine,
bran jean,,?
brackett,,?
boyd baldwin,,?
box russet,roxbury russet,
boussock,doyenne boussock,
bouey de jersey,,?
bottle greening,bottle greening,
bottle greening,bottle greening,
bottle green,bottle greening,
bottle,bottle greening,
boston sweet,,?
boston red,,?
boston apple,,?
bosc,beurre bosc,
booad,,?
bonney de jersey,louise bonne de jersey,
bonne de jersey,louise bonne de jersey,
bonne d'jersey,louise bonne de jersey,
bonchreteen fondante,,?
boise,,?
boiken,boiken,
boardman,boardman,
blushing beauty,,?
blush,,?
bluepearmain,blue pearmain,
blue pomane,blue pearmain,
blue pearmaine,blue pearmain,
blue pearmaine,blue pearmain,
blue pearmain,blue pearmain,
blue pearmain,blue pearmain,
blue pearmain,blue pearmain,
blue pearmaide,blue pearmain,
blue pear maine,blue pearmain,
blue pear main,blue pearmain,
blue pear,blue pearmain,
blue paumaid,blue pearmain,
blue pairmain,blue pearmain,
blue pairmain,blue pearmain,
blue oxford,black oxford,
blue oxford,black oxford,
blue norman,,?
blue mountain,,?
blue crab,,?
blue bell,,?
bloomfield's long stem sweet,,?
bloomfield porter,bloomfield,
bloomfield,bloomfield,
bloom,bloom,
bloodstone pippin,ribston pippin,
blood sweet,,?
blood pippin,,?
blk oxford,black oxford,
blenden pippin,blenheim orange,
blemans orange,blenheim orange,
blake sweet,,?
blake,,?
black winter,,?
black twig,,?
black sweet,blake sweet,
black russett,,?
black russet,,?
black oxofrd,black oxford,
black oxford,black oxford,
black oxford,black oxford,
black knox,black oxford,
black gilly flower,black gilliflower,
black gilliflower,black gilliflower,
black gilflower,black gilliflower,
black fall,,?
black ben davis,black ben davis,
black ben davis,black ben davis,
black ben,black ben davis,
black ben,black ben davis,
black baldwin,black baldwin,
black baldwin,black baldwin,
black apple,black oxford,
black apple,black oxford,
black,black oxford,
black,black oxford,
bl. b. davis,black ben davis,
bitter sweet,,?
bitinhammer,bietigheimer,
bismark,bismark,
bismark,bismark,
big ben,,?
bicknell,,?
beverage,beverage,
beurre superfine,,?
beurre soldat,,?
beurre rose,,?
beurre hardy,beurre hardy,
beurre dill,beurre diel,
beurre diel,beurre diel,
beurre diel,beurre diel,
beurre de aryon,beurre d'anjou,
beurre de anjou,beurre d'anjou,
beurre d'augin,beurre d'anjou,
beurre d'anjou,beurre d'anjou,
beurre d'anjou,beurre d'anjou,
beurre d'amalis,beurre d'amanlis,
beurre d' anjou,beurre d'anjou,
beurre d. tryon,beurre d'anjou,
beurre claugean,beurre clairgeau,
beurre clarigeau,beurre clairgeau,
beurre clargeau,beurre clairgeau,
beurre clairgeau,beurre clairgeau,
beurre bosc,buerre bosc,
beurre bosc,beurre bosc,
beurre bos,beurre bosc,
beurre bass,beurre bosc,
beureayor,beurre d'anjou,
beune d'anjire,beurre d'anjou,
bethel,bethel,
bethel,bethel,
bethal,bethel,
betenheines,bietigheimer,
bergamont sylvange,,?
berewe rose,,?
benton red,benton red,
benton red,benton red,
benton,benton red,
benson's superfine,,?
benorie,benoni,
benorie,benoni,
benoni,benoni,
benoni,benoni,
benonah,benoni,
benne clairglaw,beurre clairgeau,
benjamin,,?
ben davis,ben davis,
ben davis,ben davis,
ben dares,ben davis,
belmont beauty,,?
belmont,,?
bells sweet,sops of wine,
bells early,sops of wine,
bells early,sops of wine,
bellflower,yellow bellflower,
bellflower,yellow bellflower,
bellfleur,yellow bellflower,
bellefluer,yellow bellflower,
belleflower,yellow bellflower,
belleflower,yellow bellflower,
bellefleur,yellow bellflower,
belle's favorite,sops of wine,
belle sue,,?
belle of lancaster,,?
belle n. franklin,,?
belle lucrative,belle lucrative,
belle lucrative,belle lucrative,
belle flower,yellow bellflower,
belle flower,yellow bellflower,
belle et bonne,belle et bonne,
belle de boskoop,belle de boskoop,
bell's early,sops of wine,
bell's early,sops of wine,
bell lucrative,belle lucrative,
bell lucrative,belle lucrative,
bell l.,belle lucrative,
bell flown,yellow bellflower,
bell flower,yellow bellflower,
bell flower,yellow bellflower,
bell apple,,?
bell,,?
belflower,yellow bellflower,
beet apple,,?
beehive,beehive,
beefsteak,beefsteak,
beef-steak,beefsteak,
beef steak,beefsteak,
bee stings,bee stings,
beauty sweet,,?
beauty of west,,?
beauty of the west,,?
beauty of sweden,beauty of sweden,
beauty of kind,beauty of kent,
beauty of kent,beauty of kent,
beauty of kent,beauty of kent,
beauty kent,beauty of kent,
beauty flemish,,?
beauty,,?
beaurre d'anjou,beurre d'anjou,
beauce,beurre bosc,
beau ideal,,?
beau ambjean,beurre d'anjou,
beateamer,bietigheimer,
beangrau,,?
beane,deane,
be-an-jean,beurre d'anjou,
baxter,baxter,
baxter,,?
basket sweet,,?
basket apple,,?
basin sweet,,?
barton pippin,,?
bartlett sweet,,?
bartlett,bartlett,
bartlett,bartlett,
barter,baxter,
barret greening,,?
barmer sweet,,?
barltett,bartlett,
barley sweet,,?
barkis,,?
barker red,,?
bare limb greening,fall harvey,
bare basque,beurre bosc,
banna,winter banana,
banfee,,?
banana sweet,,?
banana russet,banana russet,
banana apple,winter banana,
banana,winter banana,
banana,winter banana,
baltimore pippin,,?
bally's sweet,bailey sweet,
ballister,,?
ball sweet,,?
ball pippin,fall pippin,
baldwin canada,canada baldwin,
baldwin,baldwin,
baldwin,baldwin,
baking sweet,baker sweet,
baker's sweet,baker sweet,
baker sweet,baker sweet,
baker sweet,baker sweet,
bailey's sweet,bailey sweet,
bailey's sweet,bailey sweet,
bailey's sweet,bailey sweet,
bailey sweet,bailey sweet,
bailey sweet,bailey sweet,
b. de anjou,beurre d'anjou,
b. d. anjou,beurre d'anjou,
b. c. oxford,black oxford,
autumn sweet,,?
autumn strawberry,late strawberry,
autumn strawberry,late strawberry,
austin sweet,,?
aunt hannah,aunt hannah,
aunt hannah,aunt hannah,
august sweet,,?
august greening,,?
auburn sweet,,?
astrachan,red astrachan,
astrachan,red astrachan,
assumption,,?
aroostook sweeting,,?
arkansas red,arkansas,
arkansas red,arkansas,
arkansas black,arkansas black,
arkansas black,arkansas black,
arkansas beauty,arkansas beauty,
arctic baldwin,arctic,
arctic,arctic,
arctic,arctic,
araboskoe,arabaskoe,
anjou,beurre d'anjou,
anjon,beurre d'anjou,
anglo,beurre d'anjou,
american summer pearmain,american summer pearmain,
american russet,bullock,
american russet,bullock,
american pippin,,?
american golden russet,bullock,
american golden russet,bullock,
american golden pippin,,?
american blush,,?
american beauty,american beauty,
american beauty,american beauty,
allen,,?
alexandria,alexander,
alexandria,alexander,
alexander,alexander,
alexander,alexander,
adeline,,?
adelaide,,?
acme,acme,
abe lincoln,,?
,,?